{
    "name": "CUHK-JC-iCar",
    "version": "1.0.2",
    "description": "",
    "license": "MIT",
    "dependencies": {
        "core": "*",
        "neopixel": "github:lzty634158/pxt-neopixel"
    },
    "files": [
        "README.md",
        "huskylens.ts",
        "_locales/zh-cn/Huskylens-strings.json",
        "i2c.cpp",
        "_locales/zh-tw/Huskylens-strings.json",
        "shims.d.ts",
        "enums.d.ts",
        "main.ts"
    ],
    "testFiles": [
        "test.ts"
    ],
    "public": true,
    "supportedTargets": [
        "microbit"
    ],
    "preferredEditor": "tsprj"
}
